student_id,study_hours,sleep_hours,screen_time,cgpa,grade_category
1001,17.483570765056164,9.099033154879002,3.649643450051237,2.436876976849044,C
1002,14.308678494144075,8.386950524369153,4.710962658568964,2.8558459956881994,B
1003,15.130455251054167,7.089445554880261,3.415160158000077,3.0345577866313427,B
1004,15.130455251054167,6.029594833441639,4.384076940721919,3.955075062936076,A
1005,13.82923312638332,8.047334970420385,1.212770666092429,3.422621249813504,B
1006,13.829315215254097,7.590228078132625,5.426587414745877,2.665807372360044,A
1007,22.896064077536955,8.342789830041598,5.002410950724449,3.394414515767055,A
1008,18.837173645764544,7.952757702522954,3.3658227378636187,2.581078404424654,A
1009,12.65262807032524,8.574329072979003,6.31849133686481,3.6330764215548297,C
1010,17.712800217929825,6.197147182659148,6.875140275253116,3.0115501392728485,B
1012,12.671351232148716,7.296399407038599,3.474550442867572,3.730318659016876,A
1013,16.20981135783017,10.1128913089379,3.4617153004254035,2.6851345725663003,D
1014,5.43359877671101,5.966218272865648,3.120193797782271,2.641152725954804,D
1015,6.375410837434837,9.603945704747874,6.658949683863497,2.9665602694615982,B
1017,9.93584439832788,6.022872994578328,4.470970317378779,2.592261569809263,B
1018,16.571236662976368,6.274171248918518,0.9922752711864932,2.067137760755773,A
1019,10.459879622393943,6.519479037708519,6.2708360604184525,3.0195364566364007,A
1020,7.938481493323542,7.636248919602875,2.521483210293055,3.4206963199643683,D
1021,22.32824384460777,7.784253232053249,5.119865260532657,3.680104699895532,B
1022,13.871118497567322,6.139449994092131,5.554753875916384,3.0147354551658405,B
1023,15.33764102343962,6.963468111608526,7.7213171916773025,3.0354293571535997,B
1024,7.8762590689327165,10.213405537917795,2.382359201761776,3.661560293702299,A
1025,12.278086377374088,9.591314755151068,-1.0390243116416509,2.452103320121832,C
1026,15.55461294854933,7.654485504511048,5.36769908950739,3.0445916899267966,B
1027,9.245032112888486,7.057005217252301,8.601022363021707,3.2761695559700232,A
1028,16.87849009172836,7.180046990077392,7.477892705878874,3.379687488514014,D
1029,11.996806550405974,7.9202769590956255,5.419318830549251,2.996077322723647,A
1030,13.541531251033616,5.465811152202392,4.0167276287359055,3.2137764046823367,B
1031,11.991466938853016,6.613935193864982,6.614245193274621,2.204669058634805,A
1032,24.261390922544688,4.497123889183616,3.0529076005910625,2.936700635066461,B
1033,14.932513876310331,7.598834683907919,5.952715538712439,3.381403485021788,B
1034,9.711445355220498,7.970793909554112,6.010940318333254,2.8070823862981285,B
1035,19.112724560515943,6.275220306550939,7.12041981499776,3.223593688635839,A
1036,8.895781750144888,9.360980144935048,10.519320077822156,3.378749000321079,B
1037,16.044317975023777,5.161351505496488,5.784831934357534,3.0629803196568943,B
1038,5.201649380601122,4.80343767968527,3.9820727485850025,3.2681855083986284,D
1039,8.359069755507846,7.336677727839958,4.948851375616012,2.8149069738861554,C
1040,15.984306179345618,8.570647453918232,1.4618481902217637,3.1173554881215817,C
1041,18.692332899977053,9.525891537186803,3.610573737821884,3.4440864678356893,B
1042,15.856841405949853,6.31167360569659,4.181435123773792,3.262789184387374,B
1043,14.421758588058797,8.618021250146944,3.951823204130815,2.965387492174426,A
1044,13.494481522053556,6.94223729574894,5.304709744067444,3.2896865617163176,B
1045,15.130455251054167,6.74105905008877,3.355160135235599,3.4858439162546477,A
1046,11.400778958026455,8.325489906230008,7.242061334648943,2.380023488569009,A
1047,12.696806145201062,7.978484317620129,5.000414129836394,3.66362962598236,B
1048,20.285611131094576,4.635411764523626,4.981399357722771,3.0654981045275718,A
1049,16.71809144784231,9.214810524588843,4.344210566974164,3.3701959732960924,D
1050,6.18479922318633,9.070137031221178,5.310381367717958,3.6788987694580912,B
1051,16.620419846973974,6.061655947735706,6.650196529335269,2.651330521107813,B
1052,13.074588597918416,7.593705300156113,3.2657395685782,2.916223599028981,D
1053,11.615389998470206,7.7410452794241085,3.683767021849487,3.0845805216497184,A
1054,18.05838144420434,7.391010648735861,4.392547942446671,2.886498591550229,C
1055,20.154997612479757,6.174542269231869,2.30825815305357,3.893974630334724,B
1056,19.656400595580998,5.992564948092923,3.361484280557004,2.857291162469283,B
1057,10.803912383886807,6.961668893512832,4.047558252910682,2.9777812882052537,B
1058,13.453938120743928,8.759093528889046,6.748778361425455,3.281755612641191,D
1059,16.65631715701782,7.815400231891648,5.52512265800385,2.719140189569565,A
1060,19.8777256356118,6.444078501870841,5.387179822735089,3.041727715297495,B
1061,15.130455251054167,8.157548065972517,6.701795924335944,3.3269813045000705,A
1062,14.071705116680914,2.727186069054887,4.725256423201206,3.066855838246996,D
1063,9.46832512996986,8.723148550558156,5.780929699857779,3.1626452564400207,B
1064,9.018966879596649,4.39042933183285,4.793556494135007,2.988267155020652,C
1065,19.062629111970992,6.456338587895302,5.530724698799257,2.5942118763276936,B
1066,21.781200142854114,5.320495158060784,3.834482684776836,3.3286372845356955,B
1067,14.63994939209833,5.0579777864186415,0.1223656834471418,3.901973228658897,A
1068,15.130455251054167,8.741240181067779,4.731441675627392,3.2073606523133757,C
1069,16.80818012523817,6.298448198032163,7.84549627219988,3.29010564689902,B
1070,11.774401226974378,7.519755822596074,6.852430804483185,3.477089102046744,C
1071,16.80697802754207,6.929619131681224,6.930794969182341,2.6922678013813206,A
1072,22.69018283232985,7.715561240834682,7.472261443612435,3.8810058632518425,A
1073,14.820869804450242,7.115232836590383,5.177315181922875,3.280931518569121,D
1074,22.82321827907003,5.075511663717146,5.394631414811191,3.852742759635644,B
1075,1.9012744795512777,8.49440022917071,3.7646962091313,2.9067868017904046,B
1076,19.10951252187612,6.259365125258031,4.3678542879459,3.9272247690231294,A
1077,15.435235341190856,4.665127152010373,6.231542299542284,3.510062197613913,B
1079,15.458803882677511,9.251139685951468,4.721107448638001,3.2936097817412597,B
1080,5.062155426995536,8.275332613170239,4.099621470297177,3.1005885527702204,B
1081,13.90164056081244,6.477021798388211,5.001055917713194,3.680212663389549,A
1082,16.78556285755873,6.476113443522356,6.202413497858229,3.256143947939219,A
1083,22.38947022370758,6.517547423173927,2.1122903677329163,2.41317211856514,B
1084,12.408648908631765,10.11512197534126,0.4076380937255237,2.753125415317199,C
1085,10.95753198553406,7.57290317834733,3.898926301016833,3.1256616991229014,B
1086,12.491214782077318,7.645062470786605,2.5585751481716827,3.323999593266222,C
1087,19.57701058851037,8.545425181047763,3.983719604705378,3.177364604440042,B
1088,15.130455251054167,7.35818373853977,4.704439362365057,3.6875883159174654,C
1089,12.351198981164806,6.611436781268945,4.093503181953973,2.4195592543845503,B
1090,17.56633716556678,6.705475226372533,7.904935068941491,3.2574351746020644,B
1091,15.4853877467402,6.892598110878904,5.65348952920464,2.472808309845138,D
1092,19.84322495266445,6.944166645235238,5.600948719221657,3.5038849181936675,B
1093,11.489734530613235,8.091444315455469,6.244414288086804,3.162216514223199,C
1094,15.130455251054167,7.077918828710949,2.7223337644384618,3.367843988809648,D
1095,13.039459234339212,8.098960115823369,7.078223574840537,2.854446815764094,D
1096,7.682425259339407,6.878925129837127,4.8484714269290805,3.7117859726631006,B
1097,16.48060138532288,7.117952785474136,6.340961234482425,3.616689865623541,B
1098,16.305276360899448,4.002698973201839,2.856285533919689,3.4334177212047554,B
1099,15.025567283212304,8.374491512053723,1.8924824679678716,3.148193101254624,A
1100,13.827064333124266,7.519732713846989,6.6357793160500576,3.431942914118053,D
1101,7.923146289747929,8.497015164789477,5.752819052195033,2.9172429728050604,B
1102,12.896773386173203,2.6556169327094663,3.1958968912849794,3.542222263608285,B
1103,13.286427417366152,10.132562057171093,3.2606738374506112,3.8597923577295687,B
1104,10.988613653891903,6.790615557767239,7.250869568829539,3.6282442239916746,B
1105,14.193571441669954,8.662274225106275,2.6211762142653443,2.908159012077036,D
1106,17.020254284072692,5.440141109311703,8.285345906511926,3.3445669269092413,A
1107,24.43092950605265,7.919160857593854,3.1987585307042625,2.682743382496541,D
1108,15.872889064159194,5.419876655239516,6.276783851216766,3.4289561244702704,A
1109,16.28775195361382,6.064346558956292,4.342763048502031,3.380241365145016,B
1110,14.627770421169163,9.87104703080018,6.206374862164687,2.4520734641871345,B
1111,5.406143923504793,6.71397639885498,3.911771995771615,2.7352864624350546,B
1112,14.867430622753917,7.326149309769584,4.674414187855412,3.086744441302493,C
1113,15.301151049705132,8.305101596033131,5.081838350791442,3.07965610114367,B
1114,27.31621056242643,7.743522831958907,2.9956250884370546,2.716209225832478,D
1115,14.038195176094389,7.225628357715364,6.481648690840252,3.355591491740874,B
1116,16.507736711668063,7.547441503699338,3.9735728670568298,3.300589443576205,A
1117,14.826441151473784,10.605123377857414,4.542800169319963,3.1222923472085924,B
1118,9.15660981190234,6.913571804449622,3.0113012507829757,2.897683399936655,A
1119,20.714114072575104,7.301648570072452,-0.124667317590621,3.6194828505666257,B
1120,18.759665163433876,8.575981594011418,4.617944474799662,3.8621628452353183,B
1122,10.453062726026303,8.78054545834057,6.569208575796048,2.955133233138072,C
1123,22.01397155468049,7.958095333043777,4.961479240531211,3.396483066164799,D
1125,17.934285469001352,9.450147298451643,5.044931785624093,3.1442411197347067,A
1126,25.95227812904989,5.280481910471968,6.09423823035042,3.495861260689869,A
1127,10.047318374346558,7.453953197858549,2.6383743693823103,2.4362575649970832,D
1128,12.16851135198614,5.868586224970963,7.228643389337744,3.727320929941068,C
1129,15.498256825438206,6.903792480110512,6.430762630882488,3.229072209731737,D
1130,12.482621729419003,7.493143615455221,6.436371451415869,3.035402742175128,B
1131,7.246682844669337,7.482035823175409,5.876951477619454,3.1643063383114205,B
1132,15.342814874030136,7.632881131352927,5.03923331538798,3.184971742008208,B
1133,9.688481431369476,9.420566903587972,6.34572247193364,2.50751947862203,B
1134,17.36796215317591,7.68030145227097,6.1836282674827565,3.797975290981295,B
1135,10.402878828830984,6.633765047064027,4.2919185781179525,3.216530252908248,B
1136,22.749672025087698,8.446130752432536,3.852796454206198,3.3772008521789503,B
1137,11.083733538318814,8.784205733386962,5.203712590523973,3.5806199082296173,A
1138,13.389692418971622,5.158588277294511,8.098040302990375,2.79153501697588,C
1139,19.067586086848348,7.896100104774787,2.5217858486921982,3.3893887596140915,B
1140,8.845678417830225,8.051759113466348,2.06494946849512,3.0929435636404827,C
1141,16.137299673020646,6.553654744960012,5.329521682473033,3.538708310086598,A
1142,21.53571377141214,9.063560219967428,5.101775403712036,2.349109031859402,B
1143,6.962583827193862,6.77491661945121,5.346683328740816,3.1603622799034925,D
1144,15.92316929266152,7.188364680207314,5.487906395817,2.9588717376864158,B
1145,16.299413971242117,6.740392263574195,4.55359549073039,3.3729051802536625,B
1146,18.90911435888655,7.023368571372202,7.979726877204165,3.388017674947281,A
1147,8.81524644560959,5.355587369657197,1.798192043046969,2.91694964207119,D
1148,15.130455251054167,4.839923676108558,3.343005950439508,2.915130454329583,D
1149,17.60970782808449,9.391757594837458,4.793490479701905,3.155733852577068,B
1150,16.48492336616593,5.729557977522508,1.7136223776916657,2.8413431090739167,B
1151,16.252464251729382,5.512911475815539,4.648291191135858,3.5367934781808508,A
1152,16.732241047484877,3.769914829594428,8.322940331456037,3.052317119821022,D
1153,11.599876392107548,6.041557378465747,5.041772976591924,2.0372047122713437,A
1154,16.161268485805017,5.015365309888752,5.461401811437367,3.0500711773512776,D
1155,16.465362366493405,9.463022740204554,2.4796704696548395,2.7845824716624112,B
1156,11.42824290986816,8.514725634013951,3.767277183921045,2.547489673815622,A
1157,24.328872555723784,5.9677744822334144,4.249607239352126,2.705029344710971,D
1158,17.36916460455894,10.378653708016463,4.364569806487532,3.2437633887331883,A
1159,9.043482513986756,8.47264823048739,7.563287590007537,3.731456331299293,D
1160,18.28276804316915,6.512752924737066,6.115382121450249,3.3252737895459923,C
1161,10.126591648863393,3.2508914276896403,2.777084086125936,2.957398644713704,B
1162,18.93542301871226,10.436413858886112,5.49300955686401,3.382361678068281,B
1163,20.79297789503702,4.915641299854606,5.99644349699357,3.016363875912404,A
1164,15.130455251054167,4.531901879564662,7.280298077042532,2.9221598523347425,B
1165,19.81688064622161,8.53385564801446,8.161081373136748,2.7382549327068064,B
1166,17.06390463468249,10.659628609508909,2.9698116163442627,2.4992684772993123,B
1167,19.11030079997245,9.076409227765778,3.378284977579324,3.044030517376222,B
1168,24.483964913269737,7.84586368007854,2.4848442821707675,3.2632213959680527,B
1169,13.773059419985648,7.892131512497929,4.531960281786037,3.1613505319940445,A
1170,15.130455251054167,8.280123338170462,5.932716748892669,3.0336132288210567,C
1171,10.552427851872384,8.138392884680147,6.974669033178204,2.8217015757212875,B
1172,10.920948575172808,7.421787135954064,4.848097952714954,3.443298476673988,A
1173,14.61449145292948,7.156301655927814,4.360304953490312,2.6731472320213663,D
1174,16.70575987408322,6.9061103081507165,5.303515984497481,3.5104111655373904,B
1175,16.383453996650097,5.869053116699986,3.329714196739954,2.79911319242931,A
1176,19.13591624518012,6.578987384699839,9.179077443389549,2.899025905058786,A
1177,15.130455251054167,4.460564778706922,1.7846779457638826,2.6132859237537294,B
1178,22.267670385786584,6.852490559807875,5.369481157791449,2.999439141245745,C
1179,13.67671583381022,5.517113339273624,9.04721243845928,3.590124983391192,B
1180,28.600845832948096,5.344616024176344,5.013599689119996,3.406251235377583,C
1181,18.12833673882503,7.269841226730218,4.619921929997011,3.591368844811214,A
1182,10.714212217918586,9.0880034295169,4.285109154379145,3.4088570183735745,A
1183,9.64553750969444,8.37747490900347,4.639216636475185,2.7585320685878525,B
1184,17.412362076215928,4.644249094565234,7.745696949353061,3.067684310268977,B
1185,13.882686073370746,5.515557795144494,0.5762761773409864,2.887920348353015,C
1186,18.57000247046046,8.411156781982324,8.066867402592651,3.732229961615616,A
1187,17.366188122867726,5.526268909692536,2.15208569509971,2.7212845414294757,C
1188,14.635855436715635,6.663050275004463,4.46669534153117,3.5574790757556447,B
1189,10.766031409657977,7.825078148536828,4.141511159402676,3.557181548043508,D
1190,7.425763876570677,5.547483317704547,6.177106539541439,3.931848080686435,A
1191,12.767425239664895,7.15806325921894,1.8037512962325049,3.036125362948201,D
1192,19.28199397161736,4.998961757622693,5.9243453321638855,3.484928863832065,B
1194,8.77130610644006,7.479672901213806,2.273651990814379,2.952943329226521,A
1195,15.86590462925591,4.610509399702496,5.379412335220791,2.585983900987056,D
1196,16.926586898644185,7.660712106940599,3.676035644406782,2.4479959864368945,B
1197,10.580712818994336,6.970543301609978,5.851774412386072,3.4850848115445325,D
1198,15.76862552972764,7.828734931625721,5.038295554831504,2.4467399167765667,B
1199,15.29104359223,7.335871201096992,3.717026181911381,3.051072378824831,C
1200,9.285148510846884,9.046210644960766,5.975744569742148,3.3749252748155847,A
1201,16.788936801741418,7.187836753971861,8.608696219573487,3.2740702147319656,B
1202,17.80392263184117,6.355891688312121,4.618192416545402,3.370177945673669,B
1203,20.415256215876383,7.183446254548426,6.439515884296364,3.288915942320342,B
1204,20.269010260174515,7.814947043554582,2.4134540842576726,3.7115463253253576,C
1205,8.111653160214544,7.073290105488557,3.0871272463639823,2.819073447704481,C
1206,10.310874800424386,7.060887536805824,5.9448125557607545,2.929201944616588,A
1207,17.5751763360433,5.947012468289866,7.96823205707193,2.8909362218916703,A
1208,17.568929754561044,6.0056486236735775,5.71122669757132,3.5320767247450444,B
1209,15.130455251054167,4.89609209230046,4.373883938953691,3.5601594353580257,A
1210,34.26365745327361,9.62436511478041,4.998582810846708,3.3804901277274038,A
1211,17.854452553465833,5.1342051469130725,2.499184532060565,3.6733974667559712,D
1212,20.677828200902997,5.960642203306139,6.209030652710734,2.728783653049448,B
1213,19.77000881746601,5.922389101646203,6.764666124646818,3.8668896446204553,A
1214,18.25695625652899,8.342386565416662,4.095819334333839,3.809295448684904,B
1215,13.423653776798272,6.557575482561958,4.059915704480997,3.494248798898299,B
1216,18.794846102466337,8.871613109010601,5.531756459304097,3.912719563508424,D
1217,11.13587392731214,5.9897640636341976,4.126560527918809,2.5373507169288905,B
1218,13.815906966299956,7.418491243335703,4.867734770748355,2.9902207454949394,D
1219,12.573182260854482,5.746979420110364,9.199443578333032,2.9058786157272194,D
1220,15.409370696931612,10.217723691660083,4.505948598508007,3.4885917295029376,B
1221,26.573292833367542,5.218602371455731,4.283319695957555,2.779943704159142,B
1222,5.663674037041259,7.464731065340541,3.7049163887296817,3.5029980597349946,B
1223,18.43130095187257,7.950665321398148,6.4883839429998735,3.7482144575986855,A
1224,6.936420644051742,7.620698646177248,4.637551653563794,3.4780811600336,B
1225,12.640340671052831,6.722068511683437,3.701253923357148,3.313500409464601,A
1226,20.444752984836832,6.805268950399861,7.642608064546025,2.8048506636397006,C
1227,15.321400095477314,7.065717207968665,7.839206009027274,2.8612596135498545,C
1228,9.611276110353469,6.779496997557267,3.7991528685225897,3.699847562118667,C
1229,11.42348145370016,8.445818675192365,1.2669200972787675,3.511739601562133,A
1230,18.39798874467338,10.315784502387029,7.015027379673844,3.1843921922489824,B
1231,11.348166841414317,6.16376232248825,3.630740348479992,3.032836181693644,A
1232,16.082292947909874,4.945295530631383,6.581251198325537,2.3896768507554493,B
1233,15.227859199519068,6.8675769274731175,1.059792364576329,2.7716590325262245,A
1234,11.741998261970917,10.86956400648148,6.785194676598619,3.96456763485589,A
1235,25.719720446626628,5.794488148045404,2.5776561414384376,2.687817771599013,A
1236,18.169595111590056,9.4586752081661,6.461528238133049,3.2757919284884323,A
1237,4.874287066711965,9.51655122111466,5.028546135672868,3.60297758927808,D
1239,11.69106767615806,7.853474618777913,4.185927374146439,3.2738841899124336,C
1240,19.26216667398112,9.442594934692806,6.372636913913402,3.5751662150042622,A
1241,11.037396307836495,6.43130838851877,5.211788906230469,3.2049997287629,D
1243,17.524936394902287,6.127478629077034,8.95288116903097,2.532560296448722,A
1244,19.328775970850607,5.4778649039607,1.8715167765778973,3.623491411953552,A
1245,8.998517964721119,6.026083682400989,8.234425149937248,3.1308793050414145,C
1246,13.327493820795258,5.164089599856615,5.208711875046426,3.50876806193467,C
1247,12.62527344419522,7.051125202388839,3.202431903353744,3.376522860679698,B
1248,11.73335383713144,5.845040153412038,2.3393727485220204,2.9067375211560016,A
1249,23.827271201405484,7.350678867686121,4.621759218445933,3.2915985569837365,D
1251,8.695580228324774,7.496320348321685,4.744901759244931,3.441299000228557,A
1252,19.58930973527388,8.250293442413387,8.022309860494694,3.3192633863962104,B
1253,25.610780985063165,4.009396536142817,2.0976486198968822,3.455464067457241,C
1254,20.162326302755734,7.561084854771358,4.975822104307891,3.623247330034861,D
1255,7.403150170229933,8.841503488709938,2.495213111173762,3.3470479360838845,A
1256,12.578829635668743,5.185538471963191,5.727263765249936,3.2592357679193107,D
1257,21.334555745933116,9.508858580256554,6.773774780194601,2.847572665335483,A
1258,11.461652671906096,7.6285285140490675,4.158476412637894,2.91511169454038,D
1261,10.365347642109583,7.837490368782584,5.873477103467019,3.1047558254751784,A
1262,14.702373219691,7.114008087118617,5.808589509923396,3.21840109890131,A
1263,-1.2063367003453642,7.808133988669554,7.471564383644308,2.8381542500024937,B
1264,9.878061793328552,5.61898961038095,2.8578926407019023,3.6691027381069774,A
1265,13.7371592430342,7.254041236054117,6.360432210900899,3.466166729476712,B
1266,8.761084090175753,4.87942825464253,7.385015024955949,3.9764869745855,D
1267,23.162056519658176,6.83316090797695,1.4428248319869663,2.848670769128105,A
1268,7.849293110196837,5.644138537802816,5.639303651837954,3.048796840392713,D
1269,12.79977756651508,5.89670508611535,3.991640337984657,3.2925783690102293,B
1270,15.653702886430455,8.854139762815656,4.836954653796708,3.4585958150903084,D
1271,22.206366445330577,8.636965180891403,5.695352967076673,3.1137329449809474,D
1272,7.8206892441028035,7.913707181360765,4.025542871772895,2.85081556381852,B
1273,20.8158187607748,5.361530852991132,3.6485838416767766,3.5525630115694287,A
1274,15.051165305097935,6.525387325457797,5.0683048349760496,3.488454145018233,B
1275,10.092456744760243,8.819646549968775,2.8255081222743947,2.83349035977451,D
1276,17.310517371316354,7.212575370459857,2.828349742229629,3.7421771204421983,D
1277,15.995298477867353,10.478994309972542,6.358746565913007,3.6680794836786417,B
1278,11.998915614206028,7.589976759091558,2.702411929682688,3.253718598899117,B
1279,15.349010424950094,7.288073674735047,6.332625001818424,3.2318391449504147,A
1280,13.0734320156912,6.536325303696248,5.925182585707902,3.421623108446363,B
1281,15.56758672625624,7.200311357173423,1.5483865424188066,2.855318771897497,B
1282,18.310653372605238,6.771295245429184,3.64487069532869,3.212012591665633,B
1283,22.93008408072676,8.062163015032885,7.388218806094745,2.339046582156328,C
1284,8.810922505865754,8.435053475191875,3.0376689377206367,3.5505822582011746,A
1285,25.665166873281333,5.821015809238076,4.071191475381225,2.575402711023256,B
1286,5.239561002387491,5.003150569663333,5.924121786503793,3.8013679313716,B
1287,14.241074524822084,4.245691940345055,6.566781018565191,3.06795196241342,A
1288,17.941586032422883,7.761986990368816,4.496922227911009,3.115333207227529,A
1289,16.404959338675162,5.344950090739189,3.8049796106167166,2.948906437566198,D
1290,11.886502400897031,3.770664110571276,7.844739723397016,3.0847844504311697,D
1291,13.959388748213623,7.582867906796446,8.477799327595157,3.767412538059215,D
1292,12.534995326705836,10.739499276149186,6.957716101563591,2.204876537385968,D
1293,12.053176215278942,6.99089363269016,5.1706362851300485,3.7107861544352754,C
1294,15.130455251054167,8.257736161677464,3.3834685567181477,3.335209392440684,B
1295,16.785077429825236,7.122744037821348,3.339111186886869,2.717191340857114,D
1296,15.130455251054167,6.851665520213286,6.045028210531515,2.769875042780305,A
1297,19.49799937716625,8.378614724481652,5.836796441777367,3.870557210883281,D
1298,16.536497604383047,6.564588183717023,7.803197185892859,2.821797248022908,B
1299,19.0643105941948,7.401088471107855,6.300900185072278,2.7386597957616163,D
1300,18.14814420961806,7.48254670929402,1.993839396480364,3.654925816945892,C
1302,12.199094799015151,8.488063524304785,3.003878745371174,2.8248297693854405,B
1303,18.736468025616308,6.737560364956887,4.232057456095297,3.286649990161848,B
1304,18.051851327167324,5.866382260760733,5.500400412503389,2.789698926543889,B
1305,14.89549203017926,7.804764765355605,8.99133497956793,3.6403285593690415,B
1306,15.58663691654391,5.652298027313444,11.219837112010724,3.6245483859492538,A
1307,21.388324478942124,7.042271736053692,6.2134461182723655,3.412802479528777,B
1308,12.042143055820851,6.986321505033695,4.633606762559224,3.344664424498806,B
1309,17.735486905850188,8.628843348747367,6.069011296961101,3.90447524994695,B
1310,13.98903673783053,7.7120473493199295,6.775310851747673,3.1998745309552903,B
1311,13.9115939838639,6.962459561882284,4.358664748885617,2.72725034983168,B
1312,20.49388425993595,8.22664944880043,8.590422711824644,3.379789565132923,A
1314,19.067548180003197,7.8367154595277935,5.995486178182788,2.794096202725659,D
1315,21.527394035771646,7.015528929765071,6.3318485041089225,3.0554148933224057,C
1316,15.105019208163796,5.032245651474761,5.843173221228911,3.366578415240581,B
1317,18.40976485647482,5.402329505386941,6.677881000939225,3.1784380603977045,A
1318,13.44866621703272,6.542162943467998,3.765493626906154,2.807078567849074,D
1319,16.62083176244221,6.085731696761076,3.8833964921079382,3.648743142492188,A
1321,15.484979824963592,7.084974887345661,5.879002461240453,3.278452583609563,B
1322,17.97578512718457,7.794539131535096,6.557873007024228,2.8383726841056003,A
1323,10.908896583832638,6.894251832911364,5.915545732303771,2.58041578997861,B
1324,25.461936378427303,7.729752465739303,8.348984866695075,3.3031903924884727,A
1325,9.96991309250149,7.096711622215181,4.988807962341907,3.641550937326503,A
1326,8.92905693606134,4.036800150469193,6.337483311185025,3.390067098598153,A
1327,20.790554367500334,5.590996909271869,2.816598247721372,3.1990384636324585,B
1328,18.95831346981468,6.783868666417577,4.225800595051198,2.964291339284278,B
1329,18.12059908526077,5.185457885738339,6.391075515131555,2.7631345469127644,A
1330,18.1417275463214,7.899893094994306,6.698204221486288,3.533900530529953,A
1331,14.938766135765428,9.296126248515543,4.412066104671635,3.5655086485542347,D
1332,10.513728142570844,8.828142777545974,4.856801496283866,2.581708085323707,B
1333,15.379022790968632,6.679835693604688,1.9642525066383807,3.835935591272274,A
1334,11.61419144243944,9.236089205274927,4.285941598386781,3.4296284883576007,C
1335,19.87559866708876,7.223001185803167,6.780766327039572,3.759837858058318,C
1336,14.264713092489307,6.494371043322941,6.1504100322131325,2.663148900605954,D
1337,10.872514016037442,6.079896004688591,6.001331442762419,2.6536703378338244,B
1338,13.393070791735031,6.546295470267808,5.09954737436192,3.1404122760930813,A
1339,17.06465727137812,6.417734772188156,5.014126317256353,3.401113770758078,B
1340,12.181377235980126,7.255624333563231,3.6793577210531057,3.9185443291707855,A
1341,10.888898022167844,7.240860971574797,6.3976568404050695,3.4824315655260527,A
1343,16.224832855543614,7.655407254619525,5.984037695985599,2.789452316933643,B
1344,12.46528412314435,8.785969412179512,3.94793031466484,3.69200022908766,C
1345,12.644808471908386,8.424331203161985,0.6933141602575112,2.8141178296997142,A
1346,16.16024968678818,4.772653047325145,7.194305423507391,3.851387421908929,D
1347,7.759578292513379,3.169118297647068,4.042325087983191,3.0862461401573964,B
1348,7.962681128117223,8.40147986685891,3.2744484719137588,3.83623282904714,D
1349,15.130455251054167,4.949681952376869,6.386957823827988,3.4715725160237114,B
1350,13.932764241440765,6.662851897160975,4.215974720161741,3.1452018042230168,A
1352,22.37678108474776,4.297029343629971,6.234011899153395,3.0636368490615684,A
1353,19.288298116010097,7.812194092307182,6.367138646400955,3.371326676950096,B
1354,14.200307350182864,8.138732740453971,2.2680885775989315,3.2308625984870867,C
1355,14.904918960486556,6.135234398909921,7.423887970772801,2.962475436772518,B
1356,9.987353176810956,3.113436561782635,5.522501062467712,3.133747435872947,D
1357,14.90743432003805,6.180633327621276,4.261445721507593,3.23143081188766,A
1358,13.556706805399308,7.58770600810382,5.286776934684502,2.348506362234075,D
1359,16.613592801690448,4.781632646838807,1.44752953420336,3.38326724591548,D
1360,15.130455251054167,7.275039879668734,5.817305622961341,2.808111510113277,A
1361,17.596732571205862,6.977035226240507,2.941256983635857,2.7386670387177023,A
1362,22.66369456501289,7.868937249401632,2.294659428312931,2.525062261155716,A
1363,14.456199257715712,7.17937055262123,1.9552816275642175,2.482443000852844,D
1364,17.008558610494706,5.540396588677667,7.22537674997985,2.6578209987550845,B
1365,18.450719958555563,8.794857252496737,3.741473212614423,2.916391616947804,B
1366,12.993897640570818,6.762205640459545,8.067455419833,3.981303655010628,B
1367,16.120462409052084,6.959043190735102,3.928397073895405,2.9896481296419184,A
1368,15.062962003908977,5.600098061390206,1.5852840848141063,3.2711000425072125,A
1369,15.48838049274416,6.335076623212735,2.7669511201026817,3.3601925546025315,B
1370,11.134951080722669,5.672795928959649,7.471623240013877,3.25242607448634,C
1371,15.122550871294711,6.740580910114866,4.688203644126665,3.169022615709603,A
1372,17.489991456227248,9.567562720213516,3.903425407018798,2.7218824945603024,A
1373,22.25571803897521,4.942148285602966,5.320036451705575,3.780371019311685,B
1374,19.796354130426035,4.579657903184888,6.00356547233509,3.922878657455154,C
1375,25.765912287557786,9.206755491240411,7.234797631804922,2.5269365223509257,B
1376,11.163262185559752,6.686014484272201,7.896998459785852,2.790388563645448,B
1377,19.361603183603396,5.996390892010125,4.280462708421829,3.088075863049198,C
1378,15.916710028691758,8.559857031094115,2.3479046278359235,2.8141848820359234,A
1379,25.94901466608836,6.091576690394704,4.173069677753448,3.402386221382346,C
1380,10.958508573224243,9.739014570320403,5.520561013165772,2.9086911190373548,A
1382,12.00303677277989,6.268132887781446,3.0856981702099144,3.676219437737439,A
1384,12.371224891596196,6.091427615494992,4.902695296859098,3.610794505327893,D
1385,11.20433669223151,8.11314305801396,5.065593990823173,3.642360169742924,D
1386,15.751968932381038,7.448938870609738,3.4830093305998613,2.974421004776703,D
1387,16.708779878885796,8.952611934098197,4.539198571588465,2.8735131021832143,B
1388,24.380854196079436,9.342266795090278,3.151533711463391,3.2312572251878597,B
1390,12.115481721687985,5.869873194480725,7.070498669447505,3.2556241594613677,A
1391,10.50792664325821,7.689958214408675,1.3076242755238123,2.569201407123601,C
1392,17.459595857532527,5.983426945371841,3.14097827961518,2.878870222419663,B
1393,8.398833964896788,10.020080871289936,2.006941489819842,3.170410854562249,B
1394,24.15729382927177,7.204802996624106,3.699952131186204,3.169733758269668,A
1395,20.89720060360644,6.452017673031837,4.833124060419278,3.989016870715924,A
1396,12.654121739476476,7.277020458797363,2.10070956060294,2.645604823040401,A
1397,6.434327354545612,4.979310565705456,3.156280373749373,3.40223569673435,B
1398,21.769361870827066,5.542578942234023,2.992085255837003,3.795645243331316,B
1400,21.189081559867308,6.014658581542906,5.138688674072501,3.038241030726416,C
1401,7.0278617060281645,5.42963352597709,3.556524893325493,3.39657178108808,A
1402,12.003124885231136,7.804979128790929,5.353641744278796,3.4279041428794588,B
1403,15.026218498590916,8.778556231994495,3.906639830825469,3.2781926926213165,B
1404,15.234902968823713,8.0784299659976,4.456689779347894,3.160461919504278,C
1405,12.749672642603782,8.494071528708725,8.346904180597074,3.3743901558000187,D
1406,18.11424966173749,5.864807367145809,7.680922103580696,2.1871015659121262,A
1407,9.661897853087028,4.867283999887235,2.4008375261448047,3.4728277960250526,A
1408,14.288102574893532,9.25200047793323,6.6594648357583495,3.250471161464787,C
1409,15.601478158559496,6.515980241736797,6.622793108983184,3.111010041288694,B
1411,18.55807439044445,8.992291212773587,6.637555287509722,2.9300263924837795,D
1412,9.376789540810654,7.83434501410099,8.075863836825105,3.038769604373988,C
1413,7.329429146321889,7.683831658122411,2.754910387511172,3.9966213208818937,A
1414,21.388384109492545,10.247503517351626,3.164994357971473,2.8671754780600573,B
1415,16.661570059897958,6.034722654429785,7.035322933687005,2.9799538868253848,B
1416,15.130455251054167,8.391760192121856,5.542990621651296,3.14118983062766,B
1417,22.75575987761261,7.085519687345627,6.102952550479047,3.53629379285182,A
1418,15.578373171464293,7.402888418294886,5.681178432800993,3.2831210029413254,C
1419,20.896485920319133,9.292702639618796,5.781391841856288,2.682949861139095,A
1420,15.337592407050543,7.761753634434435,2.347055743377834,2.987132574749124,D
1421,25.303739624409936,7.807444118574449,7.094635413242896,2.9570582267151155,B
1422,23.77670421221602,8.608761005964704,7.339179984855547,3.169111581910782,D
1423,13.755179257604633,6.452570905685672,4.541218511863945,3.370337463451932,A
1424,19.85785475477178,5.7411854989914906,4.913046100372275,3.367282302355189,A
1425,18.226879747925736,5.43278620896845,1.937784994888556,2.4895952983806398,B
1426,21.843157787661745,4.050465115935998,6.0285095120356695,3.625576395024343,A
1427,10.175382697099478,10.084310694910483,6.144114883428288,3.3010275383986496,D
1428,15.130455251054167,5.345187451417475,4.875617966001378,3.7538128190375626,D
1429,20.29212243424794,6.668119564621343,7.248706719741005,3.377679330916269,B
1430,6.206302567884428,6.584780050166619,4.331845538040119,3.640529183094305,A
1431,9.083707436671125,7.461110046713651,6.1292118517872005,3.386618124580051,D
1432,4.803839111199498,8.223605818808945,2.960671322615769,3.7384903024810994,C
1433,13.652965827777212,8.290710232539618,4.952895698251524,3.4089002544071114,A
1434,15.130455251054167,6.125383842146592,4.651291484194329,3.1608339014228384,B
1436,15.370473902098876,7.42386992573245,4.260946142333283,3.555614848911957,B
1437,23.143077727856458,6.62696331072468,4.737054808656664,3.4294977684017653,A
1438,8.099492708925542,9.411018364029989,6.652094342883013,2.6894782333846656,C
1439,6.483087803224226,7.7364624274573774,4.126471525523565,2.684676953014585,D
1440,14.722261505516906,8.102316679074725,1.7868457985226414,3.317086192856741,B
1441,16.920327244696537,7.994321903001119,8.499167808410842,3.2582084791072967,A
1442,14.836526259529537,8.760210786227987,7.762908157380973,2.954350973996674,A
1443,4.662789499800617,7.27153233805556,2.4154746097887627,3.256393079844824,C
1444,14.554399802436055,5.05475207806623,6.379415610490389,3.835450771217439,C
1445,8.477652497475734,7.599531927628963,3.9940504588973136,3.47816098982012,A
1446,18.348362744150197,6.022964659312256,5.526974430662119,2.7435965960989046,A
1447,16.83299123048424,6.207074977375365,5.588448258026988,3.155396469142823,D
1448,10.300601068363225,7.87954602813264,4.531184399367356,2.878013407658976,A
1449,12.430665413316532,8.857424607150453,3.432468668827207,3.044920033436576,D
1450,9.70393239055524,7.031907365104092,3.618917895367481,3.034553733748143,D
1451,14.68660451363414,7.463249518898445,3.1676161690375157,3.008941766958398,B
1452,19.775711602506192,9.553322416952856,3.3363555835391105,2.6979458512106422,C
1453,10.07136976832228,7.361129769232853,4.865643419901289,3.148938127392724,A
1454,17.520232577589223,10.902524671270593,3.5684800217784964,2.975756945261076,C
1455,12.348711908137796,7.848264468447316,6.36410413142524,2.028220523999093,C
1457,15.130455251054167,8.130012431656798,3.839893517259914,3.635507861686669,D
1458,9.823788387903129,7.571737577324167,5.478809001070754,3.0494797100300017,D
1459,12.231753473264089,8.934629131124119,5.999370220605868,3.2075276198962395,A
1460,9.010610537055758,8.009772026904937,5.944004541838549,2.7313382610729757,B
1461,24.823625664581947,6.792316024024339,5.151910535832175,3.8782891511243465,A
1462,15.176317759858645,5.163552645565952,6.4853648367194445,3.958915477909245,B
1463,11.501372460037071,6.686465114070963,5.9644979053613145,3.26267749129861,A
1464,16.06989955367111,5.72421931868605,2.5246751553454043,3.609412257674138,B
1466,13.895152002333884,7.882867606630914,6.774581674533485,2.665309824449628,C
1467,18.070833500217127,9.50485675652711,3.4734277916428367,3.035270652414537,A
1468,18.78753855023653,7.592007294734472,5.075875670895204,3.252771186708783,D
1469,12.347494261947364,5.206175406947224,6.366657985622139,3.0181809125026224,A
1470,12.1209087967766,7.666904002330211,4.581372360841277,3.112538689025986,B
1471,13.62474151424178,8.794947229968477,7.145956095532023,3.1634401769963545,A
1472,3.4903941763220754,6.085325643520926,9.727744989238722,3.167648600853816,C
1473,7.424044689007239,6.798974249990623,3.4280279347300358,3.220903396198993,D
1474,21.834371337222624,7.022032292093796,2.2379107936924503,2.77575797344136,B
1475,23.224838567506417,5.82265253037664,5.607637191209752,2.913193540348826,C
1476,15.130455251054167,7.972420650765788,6.443125010252287,2.6861662937200124,A
1477,17.882784815278832,6.818577777088327,4.538267252310462,3.5911262198744804,B
1478,16.556250772717682,7.629298665860541,7.906521326642069,2.3577412232638704,B
1479,30.39440404227619,5.66876173329685,2.3227884005535024,3.6614361373267705,D
1480,20.597874557172883,6.343812549514884,6.385837246063222,3.7545397589051377,A
1481,14.360412042596169,8.083572036741657,3.788278358482213,3.079127765206952,A
1483,6.967768398712138,9.590445776850109,8.985030706336236,3.055475775213084,D
1484,16.017318179336115,6.400545721578096,3.466686824433304,3.1743263354844724,B
1485,11.218246273578483,7.337027088627829,3.90088572818284,2.795760712028435,D
1486,7.888731452011629,8.398886247809635,6.719175773959604,2.993912642476703,A
1487,11.767135578787368,4.872451400600452,4.225738700420971,3.8120780795453406,C
1488,9.592259981928024,4.358786782028837,4.909177564135524,3.4659708649206964,A
1489,23.435708175362823,4.711515528144858,5.05077684108482,2.83017435424876,C
1490,15.130455251054167,8.893876155140774,1.1606536876046871,2.5609603321618275,A
1492,22.39972069445013,10.837298928502378,3.620544451871652,3.114617288259825,C
1493,15.386841538238093,6.153628602013917,4.013754355200456,3.3984796749453268,C
1494,10.69357899335868,7.276826954795555,7.887264006937628,2.9858733149729364,B
1495,22.615620386348287,9.313164928851814,2.486986211441488,3.4045998301447447,B
1496,17.694550218423295,10.009139332238684,6.626410373495954,3.974061616024092,A
1497,9.813769228367718,10.092255364954596,4.442074139336383,3.5262004089777053,D
1498,14.048306609581958,8.812549345889714,4.440479663008331,3.180764597067691,A
1499,10.621908733076214,8.536093788717194,6.580743792103423,3.126739811578682,D
1500,8.08600134517832,7.888790423801774,5.680102589137781,3.057330746328052,D
1501,19.63088773765821,8.167541614249956,6.141225994439062,3.672256364980858,A
1502,24.54708320235065,6.1732214255072,6.9363693210657225,2.949074621619479,D
1503,8.007162130904295,5.772701674866539,4.337383233633354,3.218089083599993,D
1504,17.814846183452854,6.994938313883572,3.775526530984499,3.220479160752434,B
1505,11.746787154390866,6.744723066212607,2.829698946884404,2.9992863228753874,C
1506,12.56437308117652,6.320157926009087,3.3491789400420897,2.65101378084636,A
1507,12.038030378805654,8.044581171185072,10.898188850617451,3.3291898014470678,A
1508,10.68004615160092,8.432957812855767,7.489359161473573,3.175598411257847,D
1509,15.242608139724137,7.132610329437771,2.2978512675839573,3.4000961877746283,B
1510,15.130455251054167,9.216295121582892,2.35508408651286,2.9865598774243334,A
1512,14.748809452754315,6.709510811080423,6.094529594755934,2.8492904875152623,A
1513,13.805259765667952,5.924766519095792,6.097767670634729,3.884816113607157,A
1514,10.462181689792011,4.20019507439041,4.490088412892605,2.500945396068696,A
1515,12.116143347158337,6.875978971235951,4.7490914799942,3.3739080258227565,D
1516,18.77695612912878,6.8173787374250745,5.655759048318715,3.3901722730106494,B
1517,17.504585938121902,9.270174614863198,5.171786012586661,2.8817771728236474,B
1518,10.112223776007244,7.946217526832166,0.5613992545049298,3.3697575751444053,D
1519,15.496661527146127,5.463719763506193,4.540400738849613,3.711807467904064,B
1520,18.756935616858947,9.781138849501282,3.297187131479373,2.3132724642583744,B
1521,6.652973594393142,8.83155054328803,5.350422837817024,3.401097922996326,A
1522,17.716800961899676,7.873146555202924,10.97051800520682,2.202691671867969,D
1523,11.686881205270767,6.660273851725252,5.7349633309486086,2.813734078590717,D
1524,17.852993342965796,5.5608411449147805,4.372940627655204,3.851666545960378,B
1525,11.183704217287415,6.4416898358934205,6.843603003954504,2.9672871866431785,B
1526,5.975589496677404,8.63312292955628,5.965375774418425,2.730448014236411,B
1527,6.862287810584187,9.826879458901914,5.840188980903682,3.1208249084061275,A
1529,16.29861250860741,6.266725867320589,9.113087129659082,2.46732710111759,B
1530,10.478416874477958,5.320573850066483,2.7382231293481687,2.7794760353442625,A
1531,18.19296229388687,7.211329370366806,5.947264153622909,3.7989726732718503,D
1532,6.6923996886552,4.347340951655722,3.147237740036923,3.943080937415093,A
1534,8.944919001187717,6.778596120551997,3.162626977027811,2.704378918989343,C
1536,15.130455251054167,4.607945399099807,4.409820171524188,3.837776956699679,C
1537,10.69793317358024,7.770400159854574,6.951633438689418,3.471578795104893,B
1538,13.077222278850874,6.200948740507133,6.836908887884828,2.875039060425032,A
1539,20.0314640460722,5.245124746434568,2.508565247107231,3.1803882636647853,B
1540,12.115540652384256,2.691606680077526,5.109868221999697,3.135855967582068,A
1541,19.17846056032571,6.958727642424045,3.580840290501655,3.3323405218462314,B
1542,9.35146572671191,9.658377395004615,2.482990178649331,3.780400575252535,B
1543,17.649020889576413,9.491888821821805,4.56596589915126,3.5517668164549616,C
1544,22.207843103289505,6.314355615120592,4.38303442308836,2.769049569206097,A
1545,2.641777499363553,6.096681909457329,9.853432972691046,3.750598580007815,B
1546,11.015523722647616,7.703161384112535,5.865919650721392,3.325252856005262,D
1547,17.8853606359027,5.502421841217563,2.244764998491525,3.474826318343567,A
1548,13.984773069785035,7.452687849729199,3.870451991658116,3.7866163437114415,A
1549,16.855729366856544,8.149120417577036,7.042766590858797,2.75536790019458,B
1550,11.980074066420896,8.840399835826462,9.17688554573985,3.185669768517415,B
1551,15.4329489373645,6.849768885280071,1.8280333755240836,2.987418179456314,B
1552,14.221613823039602,6.694489374734551,1.24015122972191,2.5728562298538176,C
1553,20.838910308299035,5.683026119865159,8.741930350743564,3.338683991041968,C
1555,16.68801331037601,6.66028166214771,3.263414536247267,2.463968902197699,A
1556,12.940615169387662,7.551048260224267,6.06925817224487,3.187087755580212,B
1557,12.561968879637533,8.370376939349875,-0.2714954780337555,3.4562171740299097,C
1558,12.837209060901897,5.795231573979483,5.006751013194322,3.249231280662473,C
1559,16.972260711891483,9.239032853439284,5.655642345686171,3.154748778993704,B
1560,12.895077595898686,6.593314598436147,6.848540279075659,2.6803134546216705,D
1561,16.448874284482066,6.967949058477346,2.9722080954149246,3.2931146971760654,B
1562,15.130455251054167,5.879182481278265,5.171374322806718,2.8972944091936297,A
1564,13.369882339160794,8.326068094541574,5.510767511348634,3.677836888205493,B
1565,21.00606961081972,8.10526584563865,3.2093073552739515,3.583354327936817,D
1566,12.959623134892244,6.57800866432268,4.183798321679559,3.220664390740432,B
1567,4.809377324110731,7.100486075837308,3.008369210419542,3.291629875282281,A
1568,9.95956844541298,7.773908826556149,6.3022724836473145,3.629727205086225,D
1569,5.646040394870722,4.656181214670186,6.716902233313331,3.2897358627112334,A
1570,13.242432579793457,6.206420983980558,4.5307588600851725,3.5616070219045257,C
1571,15.09209189594776,8.19139701943274,5.076475989920056,3.0810071196504603,B
1572,23.38218656137641,5.118565865246126,2.102817170732912,3.7247934954295783,B
1573,16.634636868820813,7.440336898249944,4.400646703986426,3.328314290373074,A
1574,13.904497355955678,4.965127293064892,4.899590765916511,3.27762077744235,C
1576,3.944323454960575,6.946537776553774,2.7760659484516728,3.314782341720684,C
1577,16.178072790542828,4.577302276141736,7.928354477504875,2.86721803300222,B
1578,18.854325969434832,8.747109031685756,6.993717546931616,2.9446869093886026,A
1579,7.607068771100792,5.898112634802926,5.561272808980273,2.8738497486735515,D
1580,20.718770216034645,5.7846213444784285,8.517240968390267,2.7735060272403103,C
1582,12.923560430495993,8.722956024143073,5.778318391335858,3.7325356247953616,C
1583,15.130455251054167,5.476267271532405,4.89375869396491,3.9681470008577047,D
1584,26.35346428902198,7.092519774771957,7.4471377648372545,2.7108419921777744,A
1585,15.909331275292477,7.643224750495859,7.192938467621767,3.228501499964357,B
1586,16.24110293150168,8.039658410894717,3.748645425007575,2.682596949918362,A
1587,12.70319550229878,7.264662332915837,2.361505610802465,2.9217220491211746,C
1588,10.75077815267604,6.449458241375017,4.594038725208685,2.83274920663337,D
1589,19.151679082721227,5.758614669026921,3.399922871204707,3.695833602576625,A
1590,10.719580870455664,7.129215824569562,4.87295085076929,3.041508128759296,B
1591,15.357831186096965,5.39179148202159,7.474876269368279,3.627351733477607,D
1592,12.611712766174415,2.6179742747580885,4.08539668982642,3.441648355835407,A
1594,16.66831052643474,8.355902261629293,5.116045469616791,2.6082223107441105,B
1595,20.187699721289498,3.455601346687242,6.696861764410569,3.70369329591472,C
1596,12.449918005726264,5.485403942935093,0.5062213320307896,3.6585763481602913,A
1597,13.650625323533143,7.928731391507797,3.786599410469407,2.8106484647891863,A
1598,15.130455251054167,10.086243204567548,5.4225673845589455,3.602853334589264,D
1599,12.77853369961944,7.031190561513112,7.400157912853722,3.334457985210492,A
1600,16.88650246522426,5.907995588156298,4.01619510498759,3.109009496018637,C
1601,18.78494308322676,6.72565533834274,1.246894587916252,2.8704258052112004,A
1602,15.130455251054167,9.062314628722277,6.239422891932272,2.912356219420326,A
1604,21.77818929402476,5.801211990024619,2.6206666818192774,3.200273127582993,A
1605,17.067174516118506,6.275884716726951,3.751309220573552,3.512852000612584,B
1606,24.38397906279033,5.570007087611931,4.630949284688301,2.8836402473329787,D
1607,15.130455251054167,7.184005473992193,3.790510670923575,2.8880588215113447,B
1608,8.776726483442914,9.43701768770434,0.5888678858018617,3.632793923699977,D
1609,6.106398755478606,7.484618909674044,6.794132393774264,2.6601695153793874,D
1610,22.480221557445915,6.621469746810568,7.549750082557445,3.033914492837892,C
1611,18.27182828177029,6.562283096626684,6.303043982679012,3.213610964428893,C
1612,14.722076645447723,4.655213786955015,2.724628659150367,3.2445490407360214,B
1613,16.399843131599102,8.32466466572074,4.597016932104964,3.1283626859935376,A
1614,9.372554763508116,6.883244204480797,4.986957369541084,3.3583279124383694,C
1615,27.22875989808413,6.729280129614062,6.19758877912382,3.477142302327125,C
1616,15.646105909876136,11.789661351767291,6.336680977436162,3.493855018183732,C
1617,15.546973973024464,7.44812936254853,3.5316524024430085,2.805678476532869,D
1618,18.62883311949346,5.872313424857223,5.163991112827121,3.086337960828481,B
1619,17.405046158683568,6.360463605691685,5.914560809230482,3.6779051447507753,D
1620,16.119420121395656,8.722668563795132,7.911644644293533,3.557858875029549,B
1621,11.04762772277344,7.169905615806647,6.409013079649446,2.6508562194075744,D
1622,17.357341785679978,4.84258303252395,6.578113374751037,3.340591960140881,B
1623,24.41012248237517,8.378843401862806,5.167653255858722,2.4087099002500763,A
1624,21.727100230774887,5.997783871691509,7.820918290407008,3.218773960824148,A
1625,22.965933133196984,9.809946664326318,5.819525591918994,3.959106806698391,B
1626,12.443921617844074,8.620072098571972,3.277824179652859,2.820842913092405,B
1627,15.130455251054167,6.329017156511873,7.806739940250381,2.8662707818033675,D
1628,14.37106539950176,8.921524542602668,6.395806545078055,3.505611912629144,B
1629,15.278624561443474,7.101783265791105,4.113911957743035,2.5828793939161416,B
1630,20.470957592354743,8.27916051268333,4.041014065201513,2.9468979880459845,A
1631,6.537676851425903,7.727099225941712,5.593151090281523,3.438576455032701,A
1632,22.64775159730307,5.73046501751369,5.926369590535169,2.946285660924239,A
1633,14.209960507105054,6.034675251523807,5.394584531262413,3.105612005115612,B
1634,12.8655946502629,8.544941226371742,5.62261734688577,3.497674284126014,C
1635,9.939478123699162,6.497837001840189,8.39991474915276,3.3686184334146247,C
1636,6.725716640671154,6.394527305137005,7.143086304469771,3.306727358518161,B
1637,19.115852919809573,5.56731613097597,5.381271182530049,3.0643510882919847,B
1638,15.36658983594202,7.635398598390191,6.882621161534967,3.3480244461075825,C
1639,8.55019550129473,10.093787378864718,2.934952192944921,3.1505069279600977,A
1640,8.52460613968192,5.398700628618591,5.795854099893618,3.383122243970314,B
1641,13.321076503549358,7.036329185009137,8.61861269946622,3.0012271899528087,B
1642,23.345107626446964,9.118330833123144,4.563908209215253,3.126972410248184,B
1643,13.702043243181976,6.880537913131428,3.3047321427618304,2.8040168829791945,D
1645,13.77128467957028,5.40640970777968,2.8207339253152237,2.8755996545484623,C
1646,13.636382151261648,7.642460645811472,3.4304761837445934,2.7543814199352026,C
1647,1.5155667852921422,6.719283602493177,4.258983802819942,3.303464459142156,B
1648,14.728525667410938,8.478594993519794,2.188865961642716,3.285095910343064,B
1649,13.84532734895661,8.781079077347126,5.031236667899206,3.513149493979429,B
1650,18.48103182406709,10.88434546302792,6.804554347573294,3.0275497721699605,A
1651,24.244780474726724,7.869449759820363,3.184487639706159,3.363221138734702,A
1652,20.632825147738785,7.48869447487325,8.038567847283538,3.4203190289094656,D
1653,13.655556547225848,7.291576452366004,6.021584177055189,3.377909523132638,A
1654,9.467370456291649,6.470250560783968,7.061161171248115,2.8697385268791438,B
1655,27.866799016249303,7.507725765192537,3.684330892295726,3.259745392908476,B
1656,15.29609217007244,6.556897884791455,6.709050454133232,3.3456561184218647,A
1657,15.130455251054167,7.252691464404421,2.816132199209374,3.202871386763177,D
1658,14.879374564449984,8.976396303411939,6.780495001673017,2.3654089366515665,A
1659,15.990423803839274,5.490186152080538,5.343678679587063,3.264195849589392,B
1661,12.131689965598818,8.975672601009798,2.6488107887502967,3.055984292497207,A
1662,12.26570529379804,6.822897209513382,3.2098603154467904,2.908769160857872,B
1663,14.836233648920008,3.817217651487108,6.194456436506769,3.3493394238845595,C
1664,12.282876144331176,6.088267019358352,3.1033039915515985,3.324951284186629,A
1665,11.435771086614178,8.945491819841664,5.926412584198246,3.677094066166566,A
1666,15.532151138459485,6.965697906551677,2.2657243870795085,2.696852737636445,A
1667,13.725113912895724,5.501046651557633,6.696348425333336,3.492552101029997,B
1668,22.519964942913443,6.242837618157674,2.534953370462982,3.436168824500585,A
1669,1.745150958034941,8.260930039756829,6.104599875359046,3.1431413852237817,D
1670,20.45753425961231,7.820100352302068,6.251261867292001,3.335474927168676,A
1671,21.230425962488145,6.641601851245459,3.6064563631408495,3.611782992639343,D
1672,4.633048837959253,6.449763382277968,6.164053134169453,3.54892615201138,A
1673,13.286562029598256,6.412362776434267,5.520884526667112,2.7427922751705087,B
1674,13.142795670021044,5.616384723252246,3.922316287614524,3.528063274702194,B
1675,7.962441526410894,9.423063534204164,2.982890631847584,3.174124557986993,A
1676,11.110916562045624,6.51651929618299,1.074748616654842,3.2291496392062062,D
1677,9.447120772670855,8.825737781238244,5.699300094599387,3.229278796400678,A
1678,23.76135221711812,9.281974077883678,1.8703944572758897,3.139902804480696,A
1679,19.678391965737305,8.497466347221941,5.1906883988826165,3.676682998842826,B
1680,21.357775474970797,6.352569530922928,4.473103567835501,3.1665128160603158,B
1681,18.60836032021617,7.605595135504914,6.358285550876391,2.7521815486467327,B
1682,9.354741143913854,6.963706590413626,4.395909001020272,3.0425880576121087,A
1683,12.377398668601131,5.644447208904808,4.341104427305817,3.2714778867241905,A
1684,17.44687280613959,7.486538922582405,6.463741408576591,3.69168591371882,B
1685,8.889360955540273,5.231440313260296,5.670116058168235,3.4412378739795337,B
1688,13.125895962252011,7.301739483809259,1.9288557535857884,3.305910124391192,B
1689,18.554799841017456,7.424931807319213,6.513577359973964,3.710156295199606,B
1690,17.2213165574302,6.611642539443884,6.224937588027204,3.1393142265691085,C
1691,13.1951691709046,7.880040702212912,2.966633742847005,3.41334369788218,D
1692,20.79664901682124,6.287644515066213,4.511839052651597,3.535787401807362,B
1693,9.594683362000511,8.306945946185866,4.921385424744738,3.6872778847017034,A
1694,18.07967803472132,4.981030479629878,4.731006431196534,3.6229473221512905,A
1695,17.96550628984192,7.189569369319618,5.66771993313707,3.5488788000291915,A
1696,13.452267803430049,9.908393498587428,7.862733563662367,3.0739653075223567,C
1697,16.63066511121059,5.499503013091638,7.163533455345657,2.9713015832175755,B
1698,8.744432118073485,5.983382544212723,2.3755616131371875,3.3330430041296792,D
1699,19.620135096034502,7.770861774488372,6.244139980612097,3.573251228936428,B
1700,14.075489317785054,7.269372672909397,7.65786663907082,3.110911719689357,A
1701,12.386384897404804,7.525945148910338,5.773617041378405,3.626068786285755,B
1702,20.245046129184445,7.733780695221495,7.181960850371934,3.781046698194472,A
1703,11.478281547286205,7.9520822028426545,9.02454089140153,2.833471632370632,C
1704,7.957693518182202,8.664549762934335,7.047419092213962,2.865231718481488,B
1705,7.216854132380481,7.614727985392768,5.498617191283458,3.1438499764378656,D
1706,18.0300497567282,6.638113518072187,7.090176948169507,3.323045067275679,B
1707,8.597853237518585,8.008860551804098,5.289775666193783,2.99017319449318,B
1708,23.77397090992182,9.849822902342822,5.047806086569911,3.740881071546858,D
1710,23.48228184145019,5.538206042994037,8.126826717664215,3.215778819296296,C
1711,16.05508733601309,8.660621003930459,3.363142668115997,2.625636190452589,A
1712,14.516434440648036,6.819428254069603,8.064735449356231,2.6736736734289974,B
1713,12.275404565955252,3.740995680978946,5.999728247480743,3.3124037001127227,B
1714,16.995680571760353,8.271132515725633,2.201387650396117,2.3469617495380657,C
1715,14.811826487875758,6.197007721069116,5.735298585982843,3.605054963857629,B
1716,20.516509410082605,6.864200076543759,0.799946984696752,3.136738462251072,B
1719,13.18193893893072,8.064177725708559,3.815288088695893,3.127420372300993,A
1720,14.715271881394663,6.346770444145235,5.247095391911165,3.1574651989874742,B
1721,16.539008844460295,7.769658697264124,8.908314867500572,3.598232605600812,D
1722,6.449158036716872,6.610679983624125,3.988506591476127,3.8812690439672153,B
1723,8.259072889471435,8.108215721331254,2.882184825886799,2.544788377025593,B
1724,18.716320470113576,7.92305122601958,7.963326804925197,2.4854498138581254,B
1726,14.080083318236603,8.628973174262548,5.007391343695694,3.433095033269546,A
1727,15.092169665326963,6.196054832328928,7.0229260708167125,3.398749436203039,B
1728,16.737908526808354,8.212086697421718,7.682951831061763,3.62790858199354,A
1729,12.301201598453192,7.550930970102011,3.515031534923232,2.7201209886538766,B
1730,11.108476372988436,9.757275515192685,4.029388329264263,2.273542454812449,B
1731,15.979226275488408,6.6648010264422215,7.461749026309469,3.5432056781208585,C
1732,10.10813611192484,6.476024805822704,8.370028557417019,2.8687214908139063,D
1733,17.041263778572358,6.970870591168401,6.125761720348709,2.392604854244545,A
1734,6.487081978810798,6.545230325748587,3.240371292995891,3.258025498383753,C
1735,20.14577818662822,8.199912852913075,8.974122223398883,3.517270275287471,B
1736,17.362987412065216,4.575534087345118,3.938058204376071,3.1511771471514893,D
1737,16.28014867156938,5.419476371280469,4.329724437657097,3.0168606455270046,C
1738,15.130455251054167,5.39829561763121,5.684675668979243,3.1362551071416376,A
1739,15.130455251054167,8.425461387960365,8.10832084142955,3.051766895039687,A
1740,20.07185032509065,9.565920058872887,6.707951953104447,2.6607811552239333,B
1741,5.795628843341774,6.843326172193793,5.829731000723821,2.914127729203828,C
1742,8.602115166321493,6.746767415214984,5.9265770602362124,3.4085119620055258,C
1743,11.875907111521606,7.105078244669772,5.087029337286932,3.3286714165506,A
1744,15.130455251054167,8.742817453912286,6.116279029037012,3.2672239223867283,B
1745,17.588295102345615,5.608970298714139,-0.059120155388606,2.8019406072586484,A
1746,11.371280934232672,7.357553474102177,4.406785081860403,3.127398735145733,A
1747,15.933833822385392,8.462796444673645,5.482643869833562,2.3291739814228585,B
1748,11.223085338233387,7.751641254909768,2.697971832760986,3.271390665554156,C
1749,11.942410985040258,7.284372424898115,5.77264663562312,3.7715430831254273,D
1750,7.966694515758888,8.501569138850712,4.591057558027757,2.610347147183158,C
1751,10.38383376944548,2.945151560501144,8.510951396630979,2.965628930672898,B
1752,8.241576971918331,8.016812979296361,8.146039450429713,3.331642711484052,C
1753,10.120633735113335,6.018886475308864,4.068388861763674,3.7011370537709936,A
1754,20.2682089830392,4.254050654715314,4.698324576866609,3.0207101534799405,C
1755,10.253005555840286,7.766803899287471,4.852104868783215,2.923099868293641,C
1756,28.161910324186955,9.060487817744438,4.096681047680755,2.4124307430335667,D
1757,17.466589504404446,6.793827228058462,5.390049968056253,3.241375251723243,A
1759,10.708211099093932,9.418417386982968,2.7387693301249474,3.3109433847858707,C
1760,18.50154939704496,8.972371680376071,6.245422447800538,3.191088408326515,A
1761,12.121810868811131,9.459946794057087,6.259059168443621,3.3288329243067944,D
1762,15.610049073226808,8.113191236607838,3.3913684806800157,3.1955631984205595,C
1763,27.80042269134397,7.113150458352389,6.790710861525199,2.874794251095948,C
1764,14.51970050137675,4.597051282154247,3.7368445416693374,3.5293119662710826,B
1765,20.74636663142838,6.630906267805077,5.506330476075963,3.290304609244702,B
1766,11.484117874370565,5.735130107025713,6.640688025224912,3.207045300773463,A
1767,14.825057547515192,10.25641407624672,4.932774870592574,2.8098535890887,D
1768,23.85400317817755,6.736171281351495,5.909481824282269,3.721403172773904,B
1769,11.865164711061162,7.184807210176729,3.967140712224857,3.465881098133244,B
1770,24.062242789984644,7.827228064060701,4.607066833143806,2.9788316650530797,B
1771,18.538759677277376,7.06540366955868,4.588281138239319,3.600729941472775,A
1772,12.18766612052866,9.542576560646127,3.506843306919522,3.000971664645917,B
1774,19.86277224813365,7.291911182855864,1.9027634022725064,2.8961187530078853,D
1775,18.10904981108598,5.886294121452927,4.01769250571579,2.491572578764764,A
1776,7.148876400547718,5.019966233168941,4.430249013260658,3.388616952167282,B
1777,11.364314120875658,6.082346363642072,4.48764049500924,2.46754204866466,B
1778,13.762406822242475,6.944444804427382,4.517005108258442,2.708622467493695,B
1779,14.627832854499768,6.35604666322411,4.876471600279742,2.369764796368587,D
1780,18.103360487753392,5.961368530189216,5.958883036172128,3.165572122883643,D
1781,15.88850500466627,4.890523804492249,6.749034148265045,3.1398718158912517,A
1782,15.130455251054167,6.875341641056957,3.7004695463034656,3.0693215147254547,B
1784,18.052928726419115,8.140083945534403,2.915911175513794,2.731106498625344,A
1785,17.7989522396552,7.123659629401755,4.025594157610145,3.38574794541863,A
1786,20.403903627773108,4.8136727508026045,4.296157364366982,2.9797792273166053,C
1787,19.16961077274452,6.536186384425205,3.4600078676050856,3.326543328614458,B
1788,17.295900396142184,5.871765391614125,2.407766671500211,2.845900525550311,B
1789,14.649171442706765,7.478761765628771,4.087758345051624,3.272425097108433,A
1790,6.695195332420044,9.010675669034717,5.362853240227943,3.7213112149264256,B
1791,17.148091095662927,4.187241295531383,6.190058931671129,3.4344663201571137,B
1792,16.038438435815557,7.172539118721126,3.885153893783357,3.035034472713408,B
1793,16.357894185976868,6.75980080665004,4.174004355713132,3.302879588142371,B
1794,8.616257120898453,8.007010114675698,3.1466033823053783,3.1037339301879148,B
1795,9.594717297958688,7.319794942356534,4.937121659250447,3.203152073877892,A
1796,20.26576426666452,5.872046002391771,3.3031427316183706,3.069755579140599,D
1798,18.40750348686312,5.805961214794767,1.4282670161317776,3.2848373412296703,B
1799,15.130455251054167,8.614010707897897,4.280740655095075,2.80265652016722,A
1800,15.148780697478726,7.031967473007914,5.6022146783834845,2.7936484692040087,C
1801,19.691419029879988,9.851786028629512,5.367669032645009,2.644582978467516,A
1802,12.419776358913133,6.909008779278069,10.386067327960994,2.559891558198516,B
1804,12.688623556474788,4.729428411080759,2.9918908063159795,3.263785002721652,D
1805,12.827518862838422,4.295290485616082,4.809071505821854,2.8428849938032466,B
1806,13.454139382656804,4.623796085491765,1.4475073330670964,3.4054457856924385,C
1807,16.110668858168566,7.400689976517225,4.838800501406478,3.213885499501025,B
1808,12.606256891682612,7.7630875348449,3.3338878859984824,2.4125983146247787,B
1809,21.278780627867604,4.628213946951799,6.830780551120324,3.461990233688676,A
1810,10.52696348890248,8.342557471114173,3.90091945080893,3.5243194582366844,C
1811,14.065641779193204,6.2754084224748405,4.7664681684095065,2.802454930066059,A
1812,12.801344708629124,7.220189517978324,3.728884317191193,3.368076617157997,B
1813,22.234889421768663,9.418330942383136,8.477702703706662,2.8574007050363206,B
1814,15.982773882557874,8.345258973798298,4.357514467764177,3.2390681506993344,A
1815,20.15922269734317,6.597204028141252,8.665114086958404,2.694200637218014,C
1816,7.572198134815141,5.663211661877069,6.628303524236533,2.4827574189861696,A
1817,16.335251329346296,3.7722768980060426,5.9641334546707725,3.046873124154813,A
1818,19.448153978117183,5.92127002113637,5.737466294635039,3.150508421490066,A
1819,15.41141994637712,6.6833046417584585,5.787594596432503,3.0409281225541585,C
1820,20.32740187532676,5.519230709273224,1.14465484130878,2.7263877767109763,A
1821,12.41355774949814,6.803114549361543,4.442233211698487,3.0400403751475453,B
1822,15.130455251054167,7.115277824438152,6.690315942368644,3.307717901032294,A
1823,26.49449061809625,6.662716027287882,4.902205633051789,3.1820427879509854,B
1824,13.185807197801704,6.02499612876481,2.18962030639285,3.2730004122396856,C
1825,12.77248739299614,7.2529820079500915,4.895191098845061,2.931953919818307,A
1826,22.266922385588504,7.662910974354114,8.408211032510982,3.668687165886464,B
1827,22.89786072865356,5.364401383835731,7.4937834310694384,2.729530665378088,D
1828,12.385699864233658,9.116398569619406,4.875991981267936,3.395024118834688,B
1829,12.899065914520714,6.852117801573607,6.902898554116173,3.6727564371839847,A
1830,13.591076955697464,7.028274434417272,4.266985959263897,3.3923632370995582,B
1831,8.277747444828615,8.062321634884835,1.5922568263465622,3.1189903091740683,A
1832,10.406740267579009,7.349824196895252,3.1510680237408915,2.9886811813348086,B
1833,9.97929616623966,8.429704950869867,8.125777537016395,3.6144350604185034,A
1834,11.161012174479357,7.430686247802736,4.452013836341392,2.630810029895331,A
1835,14.826575563066092,6.081343938039344,4.513232041249964,2.811950295848143,B
1837,22.752502464070385,5.284410689019008,8.808273179146013,3.6950615030048,B
1838,10.008229796306043,7.162839558664785,8.251917830724127,3.3519070544163587,A
1839,19.92161199238292,6.950155014033308,9.437560466896269,2.812781696595902,D
1840,13.930055778872456,6.687824714091191,4.681909579199897,3.075876917846039,D
1841,14.752681451737836,6.807193732841604,5.59124897749419,2.9542707423614822,B
1842,18.37409746083302,4.1772264317535415,1.9667149011584175,2.916084403106586,A
1843,9.386389892188507,6.176912638388558,7.953868852236549,3.591555823422712,B
1844,15.130455251054167,7.1392673517116725,2.66444089746413,2.651302748294598,A
1845,15.83226104106528,7.239784587996101,5.433551127525258,3.843512342293749,A
1846,17.462256320040744,5.458487288611063,2.805394944734312,3.531291876073849,B
1847,16.44584321953909,8.898561761297051,3.822266346522608,3.6363446682414793,A
1848,27.27650069955447,5.7007377276782485,3.3254751379006,3.014824195189897,D
1849,11.81130007874342,8.454185800790105,3.784249478648365,3.1400237123683565,A
1850,12.345015224990911,7.640791542807527,3.921754593702043,2.626739274190115,A
1851,11.884297367876178,6.030659035234296,3.903462410149846,2.990135037173279,B
1852,12.222614404198726,9.662966338914268,6.666667823560614,3.3974619390572607,A
1853,11.813064363467412,5.2095447523652805,2.79027441387496,3.718425224712559,A
1854,20.94508265553776,8.378731260415002,5.441082854027734,2.75713727327902,A
1855,22.10252123994928,8.500873477064466,7.435918304611117,3.053797625205894,A
1856,12.14626853125262,5.994069686385033,3.973607270973208,3.139480311906991,C
1857,10.838222134478857,9.088697950096494,3.564162218504796,2.641684319123006,B
1858,17.35707778193202,6.6249302281015705,4.538950749639499,3.43653969670336,B
1859,12.238884778595144,7.4330404439197855,7.359450416721421,2.9104038673029566,B
1860,18.164659088777555,7.390482758156831,5.388215261906716,3.12184385952919,C
1861,16.0146151042565,6.798536887794178,3.9375714107848023,3.0192202512352493,A
1862,7.42127942501384,8.216212409739674,5.96775330237608,2.8842645977121304,C
1863,22.737526006650302,8.19023308082832,2.7954157003271534,3.1971820058077784,D
1864,23.97938836547761,4.377202040142729,6.362719020885896,3.1137561685727912,D
1865,11.936056547578069,8.956510364317229,5.817214615403535,3.051256847088534,B
1866,13.06149220032008,4.506262017946488,4.384383057722232,2.908615351327863,B
1867,16.429326953624525,8.548819306512486,3.3228284031055377,3.3278098683131825,B
1868,15.130455251054167,8.690057705241376,3.2266381554330854,3.861446907396914,B
1869,18.29272136336415,5.363550354677203,6.06963467269182,3.2559548931356512,D
1870,25.051022693831747,6.383778568068123,7.457961004978124,3.598447285964452,A
1871,14.115263862529751,5.341442997271097,3.72538450594241,2.643911229938615,C
1872,11.008513777307732,6.677618454566897,5.916773407102968,3.263104575717508,B
1873,8.103403859927365,6.537948573721388,0.8259459627958625,2.7610526724115734,A
1874,11.345349800290403,8.16949079840401,3.830764538685601,2.6092300289872394,B
1875,14.834365135631014,8.965463119179413,4.937882134258196,2.9042514370163857,A
1876,23.97278931758894,9.093525716184937,3.1806331660363325,3.676759733765429,A
1877,12.411943504819142,6.156747960132547,3.1269872504208083,3.5800063314678585,B
1878,16.118939758194493,6.686167189383208,3.664440887062228,3.29720188882176,C
1879,14.91788551963624,4.474842711668575,5.584385456652746,2.586919776044028,A
1880,20.94196636724042,5.791194900255717,4.6253419631872505,3.121487739444825,B
1881,27.63466212936811,8.447277449646187,0.5235375333500558,3.3206800035606943,B
1882,12.345656135398396,9.423374235322347,0.7585996947298677,3.2702144918314398,D
1883,12.55280278740889,5.148476692180116,3.786269644285649,2.4624825666077017,A
1884,20.22080438534536,6.1113036112706585,5.915373172107104,2.843872860792052,A
1885,18.40945744813156,6.96039136456161,-0.4950096854504693,3.174368894340513,B
1886,24.23353662868017,7.42024173822941,4.000539647696739,3.414516363806876,C
1887,17.919640926629818,5.785594720117531,3.9475042869651578,2.321548871560021,A
1888,13.203539546064702,7.636091566696135,7.776675556416896,3.1351504098080567,B
1889,17.953274153461546,6.289240979393626,4.229956376574273,3.2572195079515813,B
1890,20.543517902914537,6.9783215936825815,5.765977969481857,3.5398447954064856,A
1891,19.102410905986822,7.819426372005549,5.282514280174927,3.4771430336949747,B
1892,17.53637015553649,7.009633404716407,0.7388670403855988,3.4330285275235224,B
1893,20.333373447945768,6.345421164210147,6.536414433263475,2.880023797319226,B
1894,20.84647795222836,6.835585294111254,5.430793010912576,2.436799145150677,B
1895,21.91079495518764,6.867455561191997,6.016537279349179,3.04277889717544,B
1896,18.24354943794821,6.444983455176809,12.852475412872652,3.600652730083424,B
1897,14.164409598415729,6.611805905999346,0.8317741210028231,3.7573818110097728,D
1898,15.733568432166614,9.397970755757076,8.449393299522217,3.484219640919114,A
1899,21.032544832541785,7.841379171911858,4.425104961199289,3.371736329120694,B
1900,10.91532164506382,6.556779522956259,5.574657808806019,3.3518558593543863,D
1901,16.843366544364507,8.045431606766103,4.908975509397516,2.977552501295688,D
1902,13.033305938363196,6.499270765365985,4.151527333203913,3.147975882578552,A
1903,15.143724114674088,8.759686956379962,3.8603341435224823,3.8676278103305326,A
1904,21.392259313036494,7.554463288297141,5.659017471146019,2.82297679768325,A
1905,15.955495340099516,6.839046783993656,1.9656526066566415,3.845911516283941,C
1906,15.232182740780743,7.671575388715416,6.501158335043531,3.0711887382031766,A
1907,8.200719295100404,4.643685771897252,4.167611190229492,3.730172843638032,B
1908,18.731267830136105,5.309848796635292,2.7398613219192844,2.637273996200985,D
1909,18.227420905705376,5.2091124904014166,4.099974284008373,3.43436168046586,B
1910,25.8162736165273,7.21441464214556,7.514298433725146,2.9052919456209514,A
1911,13.461108825234996,9.598772499227636,3.929329825967554,2.633893123230325,A
1912,16.095751638319694,10.34695021928895,5.716907236419241,3.2874136169643786,C
1913,16.246918418553776,7.957076652161136,3.538087448569053,3.603788715438388,A
1914,15.130455251054167,7.751266712416685,6.515843699847239,2.8620234245626017,C
1915,14.52352233806524,4.298413398770892,6.371015477580408,2.60039361581664,A
1916,16.395107628851697,6.185989300398967,8.697217666592824,3.163262094266018,D
1917,18.039482548582697,5.818324372137642,4.648872109001569,3.165025868489128,B
1918,15.93304561578179,6.068728602623326,6.337309609515813,3.4193278510218,B
1919,12.76783192724736,6.747784272122816,5.196135079077889,3.5798378285457955,B
1920,15.970449964491538,6.291864133454309,7.591743563726029,3.1762339274910025,A
1921,20.36815874929886,4.031050284436319,3.5623352247825397,3.9422013259177056,B
1922,9.8674235029447,8.121865384176301,6.490010625754563,3.289693897814117,C
1923,15.66484837073438,5.39088546139029,4.610605407766637,3.0614293975972404,D
1924,11.499395925304134,7.358870296166724,4.871623645783004,2.555373056358869,D
1925,20.97523314462421,10.11112400462496,5.183504968896746,3.094936191873533,C
1926,7.384065476081126,5.620923112620365,5.504480792853355,3.065445221835546,A
1927,12.205390763642058,3.204568715880505,4.767541913756084,3.5841219185125883,C
1928,16.886059375322603,6.570993667179834,5.429426366341053,3.3849934496267418,A
1929,22.827620146171704,8.651439452497856,8.156236115124369,2.728252351346953,A
1930,14.67124869463506,9.93752118133089,6.970899371230437,3.268901754564415,B
1931,12.224002366534007,5.155675608321374,6.738309184993793,3.4686124686916218,C
1932,24.40578534720295,7.745048834854782,4.088920947952259,3.811212543755133,A
1933,7.75993049791878,6.30203431482992,3.221518343543352,3.555001586965624,B
1934,4.005970216899591,6.841077468543796,6.9106011164755055,3.5043386617245917,C
1935,17.20007225026666,10.966515020525552,6.752093585059589,3.224034397846065,D
1936,12.489728878236944,4.745544507407271,7.945341351501964,3.35532480216938,C
1937,15.130455251054167,7.38060949224186,3.792038748061541,3.699801960282464,B
1938,18.541782236496765,7.70153975764815,4.540902689279306,2.6668890410081403,C
1939,16.219003568855996,8.62867948740902,1.7210316749491317,3.0602242691132178,B
1940,12.179606846316355,7.146974730206344,4.215057787878254,2.890972500497504,B
1941,8.598478006645529,7.462075809256153,6.993141021158895,3.35166124749045,C
1942,19.36228664140072,6.412527148867313,4.067009241543604,3.6920888702603154,B
1943,18.251005889793305,7.403690411867661,6.280959590401648,2.9612102853115707,B
1944,15.130455251054167,6.485211586753884,4.618993788004377,2.243878253012225,A
1945,24.233184980238327,7.932357834784076,5.648114056443121,3.0351117019902123,B
1947,7.372374145376305,7.56565059085328,5.170418899267802,3.415051961179952,C
1948,15.130455251054167,6.956105779472533,-0.9822719418014464,3.3712744991242305,C
1949,14.772069918222511,8.689075376158252,4.62620768367603,3.0880026792502084,D
1950,16.21669724661346,6.922909414617271,1.7390535125697195,2.6883877055120857,A
1951,13.793819710718353,4.340451297689678,7.411989033093632,3.4061177286497872,B
1952,16.760276982571483,8.892882251070988,6.554814705529022,2.86628727598615,A
1954,22.218823020366298,6.019350492026771,8.04201245431876,3.4282028833418066,B
1955,14.589244108037157,6.106508058934762,3.1021669583503257,2.96774067897842,A
1956,20.58647915794064,9.061657139756226,8.494726395831115,2.955445901044549,D
1957,16.71362673188852,3.796488679031957,6.864383128520769,3.1628223173545646,D
1958,17.283766095768918,11.70662280048999,4.526889425562108,3.1041992311913003,B
1959,17.84883640116102,8.584085213599078,7.271240294365889,3.6467335102119818,B
1960,17.238542800086574,7.334858371193739,2.787412975176732,3.2745664678976185,D
1961,18.21361379933772,6.91765899907557,3.3509716769446527,2.907347304436589,D
1962,21.64576265066216,7.428331112286485,3.782820553520599,3.9561762740623134,B
1963,15.982605848507353,7.781683642569007,3.9420445838719695,3.219723332608089,A
1964,18.54501878794256,7.967823378925085,2.8868847144794945,3.5075358703875588,D
1965,14.551321528563866,7.833406699005173,7.4461661341906495,2.956709397022097,C
1966,22.200586077247365,7.134371021882873,4.482291199260336,3.3452462510978096,A
1967,11.61803848970365,6.7039923695390105,5.70500993671376,3.324443996457278,A
1968,24.00470216455408,6.773090074519732,3.859297267172639,2.444140283161539,D
1970,7.846124489409759,8.700655145300598,5.540114716782844,3.716257784369019,A
1971,15.640522074553946,7.890335083421293,1.1754900491604463,3.041121873541605,B
1972,11.594741712625597,2.58941704800358,4.862731907829063,2.759092103817658,C
1973,19.203217744943625,7.9838511647946415,2.263369922334379,3.339024645521421,A
1975,12.769082833926102,6.971936865331154,6.822725444349444,3.342267579425292,C
1976,5.552296345272346,6.417222320366672,5.211507582542961,3.276630958477636,A
1977,12.738468403754617,8.68616907997902,7.527413355309337,3.4024963957223706,C
1978,2.880603366855217,8.421289693184287,3.3073680450685283,3.778922279756723,B
1979,7.080485882571384,5.840683498264586,6.086958757340186,3.4272412820514586,D
1980,18.802073280721487,7.610578430686803,5.399620867437427,2.7801378004360235,B
1981,18.92900079325416,5.542514898188071,5.52804016266734,3.745025141084981,B
1982,17.127287808924823,4.930572752816604,7.544707000213536,3.856245825395315,D
1984,14.7614432192901,8.293590208574138,5.577447325650047,2.750602386704161,D
1985,14.981987304547156,8.42968756806413,1.6902251275434077,3.2971528052601102,D
1986,9.208176554037289,7.769628130145939,3.079907409441073,2.3671605187244054,D
1987,15.130455251054167,8.087643680271995,4.754582132808552,3.421259662551684,B
1988,19.386811452878355,7.774267430672437,5.186744748553302,2.9807198807332917,B
1989,13.89517913085168,6.037777607165571,2.7395925506521523,3.9693783179299817,B
1990,15.134429194972654,7.647883817010911,9.823353351156843,2.8901540119925677,A
1991,16.04191403973776,8.200614287841523,8.032788110507145,2.524326784813096,B
1992,4.791325657878547,8.131436994720362,6.204236640784967,3.011494503718992,A
1993,13.764113087397016,8.783370057211965,5.144073722567489,2.4098048915131454,B
1994,11.590078760011007,8.062455770801595,4.575582060197696,3.5004397818029243,B
1995,9.991899950525422,7.527172311312374,3.096163079955529,2.373966781497472,D
1996,13.594498535570226,8.605225357474641,5.154961037037725,3.211383032473264,D
1997,23.98843263424761,6.96021811112641,5.515505080285501,2.368875272057521,B
1998,18.20421430633505,5.677188023158424,2.516478849036752,3.0718808781853437,A
1999,15.130455251054167,6.755399554084354,5.668352834489795,3.8573512623218136,B
2000,17.862913906780793,5.882646032790326,4.689481902350503,3.344259156574318,B
